id,first_name,last_name,email,gender,ip_address
1,Sax,Cheer,scheer0@businessinsider.com,Male,27.199.20.94
2,Kendrick,Bunten,kbunten1@joomla.org,Male,251.116.70.3
3,Bernadina,Blaylock,bblaylock2@cargocollective.com,Female,156.182.39.171
4,Iggie,Hammerson,ihammerson3@hhs.gov,Male,187.237.241.224
5,Alexis,Cullington,acullington4@istockphoto.com,Female,46.88.46.191
6,Benedetta,Gavriel,bgavriel5@tinypic.com,Female,126.3.162.32
7,Fee,Vennard,fvennard6@github.com,Male,202.70.154.220
8,Culley,Cahalin,ccahalin7@printfriendly.com,Male,53.58.219.52
9,Esra,Willbond,ewillbond8@weibo.com,Male,178.65.156.223
10,Dalila,Kinchin,dkinchin9@wisc.edu,Female,35.112.208.219
11,Maude,Myring,mmyringa@flavors.me,Female,219.202.115.166
12,Andreas,Kopje,akopjeb@tmall.com,Male,61.246.208.207
13,Erina,Marchment,emarchmentc@sciencedirect.com,Female,222.163.114.41
14,Adelina,Vannini,avanninid@quantcast.com,Female,120.153.27.219
15,Rafaela,Chene,rchenee@nih.gov,Female,247.72.169.116
16,Vail,Caffin,vcaffinf@pcworld.com,Male,64.46.34.183
17,Garey,Oluwatoyin,goluwatoying@washingtonpost.com,Male,79.44.20.20
18,Felice,Foxen,ffoxenh@ft.com,Male,1.248.245.68
19,Babita,Lawrinson,blawrinsoni@mapquest.com,Female,156.98.78.108
20,Wilhelmine,Kagan,wkaganj@networkadvertising.org,Female,155.203.143.208
21,Kendell,Gorgler,kgorglerk@mayoclinic.com,Genderfluid,8.163.67.232
22,Florida,Shillinglaw,fshillinglawl@washingtonpost.com,Female,251.198.114.134
23,Christoffer,Boulding,cbouldingm@google.co.uk,Male,146.39.150.182
24,Tiler,Babbidge,tbabbidgen@netscape.com,Male,24.209.227.111
25,Dacia,Niles,dnileso@addtoany.com,Female,183.175.1.104
26,Denis,Bowdler,dbowdlerp@friendfeed.com,Male,107.188.24.156
27,Doloritas,Neave,dneaveq@sciencedaily.com,Female,50.218.74.105
28,Farlay,Tegeller,ftegellerr@europa.eu,Male,187.104.160.236
29,Stephen,Locks,slockss@cyberchimps.com,Genderfluid,226.236.121.152
30,Morissa,Habgood,mhabgoodt@seattletimes.com,Female,11.199.32.219
31,Catherine,Scud,cscudu@livejournal.com,Female,53.34.110.70
32,Bryan,Halley,bhalleyv@last.fm,Male,166.115.33.70
33,Orsa,Pearman,opearmanw@bbc.co.uk,Female,48.152.237.119
34,Oliy,Figge,ofiggex@un.org,Female,81.110.237.199
35,Purcell,Dalwood,pdalwoody@ask.com,Male,210.79.150.4
36,Mahala,Mix,mmixz@ameblo.jp,Female,96.218.104.220
37,Brennen,Turrell,bturrell10@intel.com,Male,47.222.194.188
38,Shawnee,Baalham,sbaalham11@illinois.edu,Female,113.78.11.137
39,Scarface,Stacey,sstacey12@dedecms.com,Male,36.196.52.199
40,Rodolfo,Stearns,rstearns13@wordpress.org,Male,139.17.39.4
41,Richy,Jahncke,rjahncke14@live.com,Male,249.49.167.141
42,Eydie,Kalkofen,ekalkofen15@amazon.co.uk,Female,97.176.218.149
43,Nathaniel,Eddoes,neddoes16@prweb.com,Male,13.74.152.2
44,Lurline,Egar,legar17@yellowbook.com,Female,186.226.0.168
45,Jobey,Warry,jwarry18@sciencedaily.com,Female,68.138.80.253
46,Mariam,Jeppe,mjeppe19@so-net.ne.jp,Female,153.108.184.60
47,Tait,Storms,tstorms1a@flickr.com,Male,60.122.113.215
48,Joel,Engelmann,jengelmann1b@phoca.cz,Male,22.111.99.120
49,Carree,Burril,cburril1c@netlog.com,Polygender,75.26.65.251
50,Merrel,Trenbey,mtrenbey1d@taobao.com,Male,200.98.146.93
51,Shayla,Lomax,slomax1e@chronoengine.com,Polygender,25.94.165.188
52,Lynsey,Glenton,lglenton1f@umich.edu,Female,120.86.238.82
53,Garold,Bilham,gbilham1g@acquirethisname.com,Male,252.175.23.22
54,Gisele,Alleyn,galleyn1h@bizjournals.com,Female,113.101.128.229
55,Allyce,Oultram,aoultram1i@admin.ch,Female,217.185.24.158
56,Rowland,Smallcomb,rsmallcomb1j@twitter.com,Male,242.240.48.72
57,Thatcher,Slot,tslot1k@flickr.com,Male,24.64.76.93
58,Van,Varnals,vvarnals1l@nps.gov,Female,23.147.219.28
59,Sherry,Cousins,scousins1m@behance.net,Female,129.148.48.176
60,Nickolas,Ferrero,nferrero1n@liveinternet.ru,Male,192.175.161.154
61,Gaelan,Pagen,gpagen1o@answers.com,Male,22.227.191.40
62,Karel,Harral,kharral1p@deliciousdays.com,Male,201.105.224.37
63,Dedra,Marshland,dmarshland1q@behance.net,Genderqueer,38.178.89.96
64,Karoly,Westwood,kwestwood1r@amazon.co.uk,Male,145.208.10.217
65,Welsh,Bennedsen,wbennedsen1s@jigsy.com,Male,78.61.236.194
66,Waylon,Friberg,wfriberg1t@va.gov,Male,218.70.84.56
67,Gaynor,O'Shevlin,goshevlin1u@tinyurl.com,Female,174.86.233.195
68,Celestina,Jiru,cjiru1v@nyu.edu,Female,225.41.106.9
69,Bonni,Eakin,beakin1w@yelp.com,Female,33.147.31.5
70,Isidoro,Wehnerr,iwehnerr1x@bing.com,Male,13.216.11.209
71,Goraud,OIlier,goilier1y@arstechnica.com,Male,176.21.85.241
72,Dimitri,O'Shields,doshields1z@amazonaws.com,Male,255.174.223.106
73,Tris,Boadby,tboadby20@fc2.com,Male,241.135.255.230
74,Norman,Abrahamsson,nabrahamsson21@cornell.edu,Male,132.166.64.100
75,Lucho,Dimmer,ldimmer22@unesco.org,Male,59.157.20.15
76,Julie,Clerke,jclerke23@google.cn,Male,19.117.36.71
77,Ulrich,Gauvain,ugauvain24@goodreads.com,Male,21.105.100.57
78,Debee,Wrightham,dwrightham25@parallels.com,Polygender,250.229.227.99
79,Dex,Golley,dgolley26@icio.us,Genderfluid,163.241.200.235
80,Ingamar,Wastell,iwastell27@vinaora.com,Male,206.164.215.213
81,Kevon,Christou,kchristou28@deliciousdays.com,Male,211.193.113.41
82,Dulcy,Smelley,dsmelley29@senate.gov,Female,38.36.218.95
83,Cathleen,Jaqueme,cjaqueme2a@loc.gov,Female,226.187.221.33
84,Hertha,Seifert,hseifert2b@usda.gov,Non-binary,45.139.26.192
85,Nike,Fairey,nfairey2c@washington.edu,Female,87.142.177.50
86,Dickie,Dessant,ddessant2d@cam.ac.uk,Male,7.172.217.49
87,Ruy,Form,rform2e@kickstarter.com,Male,60.140.213.89
88,Lazarus,Burgess,lburgess2f@qq.com,Male,133.116.244.129
89,Rodger,Kidde,rkidde2g@instagram.com,Male,47.44.134.247
90,Lynnette,Garcia,lgarcia2h@ed.gov,Female,107.44.94.117
91,Christi,Bergeau,cbergeau2i@si.edu,Female,79.67.104.41
92,Berte,Jenton,bjenton2j@disqus.com,Female,121.91.17.179
93,Cecily,Shutte,cshutte2k@loc.gov,Female,24.22.169.3
94,Thorin,Feckey,tfeckey2l@wunderground.com,Male,247.121.40.61
95,Kile,Abramski,kabramski2m@blogs.com,Male,148.19.111.239
96,Kevan,Alderman,kalderman2n@geocities.jp,Male,221.85.197.122
97,Anna-diana,Blaver,ablaver2o@lulu.com,Female,91.153.34.157
98,Orelee,Gotliffe,ogotliffe2p@odnoklassniki.ru,Female,85.167.149.64
99,Aldo,Cowderay,acowderay2q@walmart.com,Male,35.31.43.20
100,Lynn,Aitkin,laitkin2r@boston.com,Male,230.63.59.24
101,Kennedy,Savill,ksavill2s@telegraph.co.uk,Male,182.253.247.8
102,Cecilia,Puve,cpuve2t@over-blog.com,Female,104.168.32.229
103,Lorant,Oultram,loultram2u@elpais.com,Male,163.2.178.96
104,Paulo,McGuffog,pmcguffog2v@typepad.com,Male,121.108.0.167
105,Giffer,Neame,gneame2w@umn.edu,Male,10.39.70.181
106,Billye,Mitchenson,bmitchenson2x@usa.gov,Female,199.72.166.11
107,Barron,Downey,bdowney2y@mediafire.com,Male,78.137.24.213
108,Uriah,May,umay2z@a8.net,Male,201.217.90.188
109,Chelsie,Loweth,cloweth30@gmpg.org,Female,219.33.216.100
110,Evelin,Meneer,emeneer31@cbsnews.com,Male,47.45.159.255
111,Alix,Spinelli,aspinelli32@over-blog.com,Male,188.150.216.52
112,Kizzee,Lippard,klippard33@reference.com,Female,89.18.25.6
113,Aylmer,Jager,ajager34@twitter.com,Male,152.164.34.176
114,Germaine,Merfin,gmerfin35@discovery.com,Genderqueer,242.254.147.137
115,Wendye,Dinsmore,wdinsmore36@com.com,Female,243.108.20.177
116,Vivyanne,Mcwhinney,vmcwhinney37@myspace.com,Female,180.45.141.237
117,Patti,Cullagh,pcullagh38@seesaa.net,Female,156.110.200.110
118,Wolf,Berrick,wberrick39@jiathis.com,Male,247.8.55.83
119,Weylin,Cownden,wcownden3a@vinaora.com,Male,116.119.145.125
120,Kelsey,Sheerin,ksheerin3b@hexun.com,Bigender,217.36.211.102
121,Lindy,Bartrop,lbartrop3c@unicef.org,Female,10.214.123.163
122,Silvie,Quirke,squirke3d@patch.com,Female,58.74.118.80
123,Mathian,Hartles,mhartles3e@printfriendly.com,Male,24.157.159.177
124,Dedra,Vint,dvint3f@elegantthemes.com,Female,215.208.128.239
125,Berkeley,Kiff,bkiff3g@plala.or.jp,Male,206.55.21.224
126,Scarlett,Sorrie,ssorrie3h@thetimes.co.uk,Female,210.122.168.65
127,Dianemarie,Rumsey,drumsey3i@prlog.org,Female,92.119.151.104
128,Pancho,Morales,pmorales3j@istockphoto.com,Male,130.52.69.243
129,Marris,Loughton,mloughton3k@usda.gov,Genderfluid,207.57.217.75
130,Judith,Jacquemet,jjacquemet3l@google.pl,Female,104.102.94.15
131,Wash,Sansum,wsansum3m@last.fm,Male,54.235.4.81
132,Reider,Kildale,rkildale3n@fastcompany.com,Male,41.44.91.123
133,Haven,Franz,hfranz3o@ovh.net,Male,1.211.21.131
134,Haze,McHan,hmchan3p@china.com.cn,Male,83.90.106.207
135,Culver,Habbeshaw,chabbeshaw3q@goo.ne.jp,Male,33.93.201.147
136,Nonah,Samsin,nsamsin3r@cbc.ca,Female,71.83.81.96
137,Carlotta,Sheeran,csheeran3s@google.cn,Genderqueer,82.33.188.200
138,Gordie,Gorham,ggorham3t@about.me,Male,223.183.234.48
139,Dylan,Tarbatt,dtarbatt3u@upenn.edu,Male,140.79.79.53
140,Rosa,Skilbeck,rskilbeck3v@cbc.ca,Female,19.28.247.253
141,Karyl,Feander,kfeander3w@people.com.cn,Female,204.79.232.212
142,Mandel,Pruvost,mpruvost3x@taobao.com,Male,55.102.171.232
143,Salomo,Stillert,sstillert3y@independent.co.uk,Non-binary,15.82.104.174
144,Adriaens,Rampage,arampage3z@ebay.co.uk,Female,108.67.191.181
145,Johnny,Shambrooke,jshambrooke40@nature.com,Male,47.101.186.82
146,Silva,Crilly,scrilly41@foxnews.com,Female,234.47.253.169
147,Leanora,Smurthwaite,lsmurthwaite42@senate.gov,Non-binary,45.126.9.215
148,Gaby,Radolf,gradolf43@canalblog.com,Male,25.210.107.148
149,Leland,Maltby,lmaltby44@pagesperso-orange.fr,Female,248.83.147.10
150,Fielding,Dauncey,fdauncey45@cbsnews.com,Male,175.113.140.12
151,Lief,Coultard,lcoultard46@economist.com,Male,147.164.239.56
152,Victor,Hinksen,vhinksen47@wikispaces.com,Male,227.96.252.50
153,Sarine,Thursfield,sthursfield48@europa.eu,Female,194.160.106.34
154,Odele,Carlozzi,ocarlozzi49@paypal.com,Female,37.197.139.55
155,Ansell,Gerauld,agerauld4a@imageshack.us,Male,233.143.2.90
156,Sonny,Gajewski,sgajewski4b@de.vu,Female,237.62.47.49
157,Arney,Tuffrey,atuffrey4c@issuu.com,Male,91.75.238.129
158,Malachi,Hearnes,mhearnes4d@joomla.org,Male,14.245.194.45
159,Clementius,Portch,cportch4e@sakura.ne.jp,Male,6.27.118.48
160,Charlean,Conkey,cconkey4f@merriam-webster.com,Female,80.19.142.46
161,Law,Samme,lsamme4g@sogou.com,Male,72.180.218.70
162,Eugenio,Hodgon,ehodgon4h@list-manage.com,Male,201.238.255.111
163,Fulvia,Rawdales,frawdales4i@twitpic.com,Genderfluid,41.104.8.246
164,Dev,Kliment,dkliment4j@ameblo.jp,Male,21.175.178.200
165,Hyacinthie,Feak,hfeak4k@europa.eu,Female,104.231.175.56
166,Lyle,Yakebovich,lyakebovich4l@deviantart.com,Genderfluid,108.129.136.97
167,Cullin,Sertin,csertin4m@unicef.org,Male,132.164.109.117
168,Audrye,Siderfin,asiderfin4n@cam.ac.uk,Agender,233.148.15.254
169,Georgie,Fibbitts,gfibbitts4o@ning.com,Male,77.54.207.0
170,Kali,Mazdon,kmazdon4p@examiner.com,Female,148.70.124.40
171,Melina,Martill,mmartill4q@exblog.jp,Female,102.109.239.186
172,Mab,Bolzen,mbolzen4r@mysql.com,Female,146.230.230.254
173,Merill,Childs,mchilds4s@bbb.org,Male,46.151.173.4
174,Sammy,Montes,smontes4t@amazonaws.com,Male,190.113.100.124
175,Dermot,Ebbrell,debbrell4u@biblegateway.com,Male,59.160.22.180
176,Marena,Bernocchi,mbernocchi4v@slate.com,Female,60.198.159.49
177,Chrissy,Cherryman,ccherryman4w@baidu.com,Male,87.175.69.217
178,Rozanna,Yakebovich,ryakebovich4x@alexa.com,Female,92.91.59.25
179,Rafaello,Withur,rwithur4y@vimeo.com,Non-binary,213.203.198.244
180,Yuri,Howsam,yhowsam4z@spotify.com,Polygender,233.224.235.153
181,Zola,Dowbakin,zdowbakin50@about.me,Female,7.0.66.13
182,Danyette,Blancowe,dblancowe51@ovh.net,Female,15.30.77.145
183,Vallie,England,vengland52@tinyurl.com,Female,165.51.52.60
184,Thaine,Twigger,ttwigger53@barnesandnoble.com,Male,116.55.87.113
185,Ivan,Ivakhnov,iivakhnov54@goodreads.com,Male,158.131.19.87
186,Toni,O'Corrane,tocorrane55@google.it,Female,55.156.56.75
187,Ethelda,Goaley,egoaley56@myspace.com,Female,168.190.104.41
188,Tobe,Wones,twones57@cbc.ca,Male,150.193.159.222
189,Sutherland,Duffet,sduffet58@seattletimes.com,Male,97.88.211.245
190,Jackson,Crysell,jcrysell59@businessweek.com,Polygender,47.145.98.52
191,Bernardina,Ormiston,bormiston5a@va.gov,Female,133.62.73.83
192,Herold,Sisson,hsisson5b@psu.edu,Male,13.176.239.158
193,Alvis,Popelay,apopelay5c@state.tx.us,Non-binary,31.204.240.111
194,Wynne,Shaves,wshaves5d@weibo.com,Female,166.145.172.3
195,Idette,Luffman,iluffman5e@geocities.jp,Agender,56.94.72.201
196,Raine,Bissiker,rbissiker5f@myspace.com,Female,177.172.58.153
197,Harvey,Rourke,hrourke5g@nytimes.com,Male,139.148.216.31
198,Israel,Woolhouse,iwoolhouse5h@columbia.edu,Male,1.161.149.66
199,Fons,Stonier,fstonier5i@sakura.ne.jp,Male,238.71.120.95
200,Grady,Hissie,ghissie5j@tmall.com,Agender,47.12.21.8
201,Shamus,Garnall,sgarnall5k@techcrunch.com,Male,3.72.123.66
202,Wallie,Burbridge,wburbridge5l@pcworld.com,Female,139.168.45.150
203,Abagail,Glencrosche,aglencrosche5m@cnet.com,Female,78.227.245.192
204,Carmela,Rzehorz,crzehorz5n@theglobeandmail.com,Female,9.88.212.137
205,Giraldo,Kalinke,gkalinke5o@paypal.com,Male,154.124.158.116
206,Glen,Rapsey,grapsey5p@shinystat.com,Female,161.56.147.152
207,Denyse,Rosenfrucht,drosenfrucht5q@msu.edu,Female,82.52.212.167
208,Christine,Ondra,condra5r@hud.gov,Female,194.101.139.137
209,Wake,Garden,wgarden5s@toplist.cz,Male,253.65.51.242
210,Latia,Teas,lteas5t@mashable.com,Female,227.28.149.187
211,Husain,Steuhlmeyer,hsteuhlmeyer5u@behance.net,Male,114.203.39.45
212,Cornela,Itzcak,citzcak5v@nifty.com,Female,14.130.176.240
213,Marlow,Gadd,mgadd5w@usa.gov,Male,164.111.199.91
214,Wilburt,Tidmas,wtidmas5x@typepad.com,Male,254.116.229.138
215,Bren,Jakov,bjakov5y@lycos.com,Male,164.156.25.7
216,Norma,Dobeson,ndobeson5z@wikipedia.org,Female,250.195.204.176
217,Claire,Dunk,cdunk60@amazon.co.jp,Male,73.176.139.25
218,Hestia,Newlyn,hnewlyn61@flickr.com,Female,34.123.25.24
219,Augustus,De Gregoli,adegregoli62@foxnews.com,Male,63.58.183.87
220,Colby,Sacaze,csacaze63@nature.com,Male,8.56.177.50
221,Jill,Osmund,josmund64@geocities.jp,Female,33.116.139.180
222,Verena,Coller,vcoller65@dion.ne.jp,Genderqueer,145.148.119.117
223,Burnard,Aikman,baikman66@reference.com,Male,129.81.107.126
224,Lilli,Eltone,leltone67@usnews.com,Female,138.139.126.5
225,Burty,Rounsivall,brounsivall68@blogtalkradio.com,Male,42.84.219.81
226,Costa,Cheevers,ccheevers69@miibeian.gov.cn,Male,54.173.152.91
227,Thaddus,Prickett,tprickett6a@shareasale.com,Male,249.2.182.235
228,Quent,Rolfini,qrolfini6b@friendfeed.com,Male,239.66.224.227
229,Marci,Peaseman,mpeaseman6c@live.com,Genderqueer,177.136.20.128
230,Kelsey,Erasmus,kerasmus6d@moonfruit.com,Female,152.88.120.107
231,Debbie,Redihough,dredihough6e@skyrock.com,Female,121.246.240.223
232,Bernelle,Danhel,bdanhel6f@sogou.com,Female,14.139.164.156
233,D'arcy,Coverdale,dcoverdale6g@loc.gov,Male,29.54.109.128
234,Darrel,Dyet,ddyet6h@epa.gov,Male,46.165.107.200
235,Marline,Eyre,meyre6i@mysql.com,Female,248.75.247.121
236,Brooke,Lilywhite,blilywhite6j@cbslocal.com,Male,231.94.110.216
237,Sigmund,Brotherton,sbrotherton6k@slideshare.net,Male,68.48.200.229
238,Margot,Butt Gow,mbuttgow6l@imageshack.us,Female,216.16.154.113
239,Evey,Conkling,econkling6m@businessinsider.com,Female,192.72.110.142
240,Melitta,Aird,maird6n@merriam-webster.com,Female,51.192.188.44
241,Rudolfo,Jezzard,rjezzard6o@biglobe.ne.jp,Male,66.45.81.83
242,Quill,Bawdon,qbawdon6p@sphinn.com,Male,31.162.13.220
243,Honey,Allwood,hallwood6q@tmall.com,Female,80.152.250.20
244,Jesse,Van der Brugge,jvanderbrugge6r@tripod.com,Female,116.119.2.48
245,Diena,Mosco,dmosco6s@prnewswire.com,Female,255.63.53.58
246,Therese,Inder,tinder6t@google.co.uk,Female,214.153.247.58
247,Boyd,Iggo,biggo6u@desdev.cn,Male,92.133.89.140
248,Darren,Braunton,dbraunton6v@walmart.com,Male,6.185.8.141
249,Adham,Hinks,ahinks6w@cdc.gov,Male,11.246.217.56
250,Archie,Petr,apetr6x@technorati.com,Male,94.233.170.252
251,Robinson,Snead,rsnead6y@independent.co.uk,Male,9.155.30.34
252,Farlay,Groucutt,fgroucutt6z@independent.co.uk,Agender,90.76.254.249
253,Hedvige,Rasor,hrasor70@devhub.com,Female,92.141.239.163
254,Drake,Kores,dkores71@stanford.edu,Male,129.54.227.149
255,Jarrad,Legerwood,jlegerwood72@harvard.edu,Male,222.201.226.120
256,Luelle,Jewson,ljewson73@phoca.cz,Female,9.127.91.241
257,Chelsea,Flamank,cflamank74@is.gd,Female,196.127.248.62
258,Aindrea,Rowesby,arowesby75@chron.com,Female,212.139.23.102
259,Alvira,Riddick,ariddick76@nature.com,Agender,60.156.245.136
260,Waldo,Tunnock,wtunnock77@live.com,Male,125.86.227.64
261,Shamus,Gornall,sgornall78@cbc.ca,Male,15.124.116.246
262,Patric,Glassborow,pglassborow79@infoseek.co.jp,Male,119.74.182.63
263,Viola,Feckey,vfeckey7a@com.com,Female,112.74.188.72
264,Meredeth,Werrilow,mwerrilow7b@oaic.gov.au,Male,125.124.64.105
265,Sarita,Mallalieu,smallalieu7c@google.ca,Female,99.136.97.171
266,Keene,Conneely,kconneely7d@tripod.com,Male,229.13.32.69
267,Adeline,Rotte,arotte7e@dion.ne.jp,Female,6.7.10.244
268,Philis,Poytheras,ppoytheras7f@acquirethisname.com,Female,128.48.13.37
269,Gannon,Camamill,gcamamill7g@youtube.com,Male,62.61.142.77
270,Carol,Wayte,cwayte7h@foxnews.com,Female,175.26.242.235
271,Gigi,Bather,gbather7i@ftc.gov,Bigender,223.161.204.97
272,Osbourn,Freen,ofreen7j@ustream.tv,Male,127.181.117.193
273,Kirsten,Dunklee,kdunklee7k@google.co.jp,Female,154.53.12.37
274,Marina,Leonard,mleonard7l@ft.com,Female,195.239.231.75
275,Ivy,Lerer,ilerer7m@mapy.cz,Female,26.253.8.1
276,Herman,MacDermand,hmacdermand7n@google.com,Male,174.42.236.127
277,Anallese,Amerighi,aamerighi7o@theguardian.com,Female,228.42.236.118
278,Yuri,Kiffe,ykiffe7p@printfriendly.com,Male,218.5.90.164
279,Thedrick,Stolze,tstolze7q@wunderground.com,Male,96.53.69.193
280,Amye,Walisiak,awalisiak7r@weebly.com,Female,38.8.108.235
281,Wilma,Cominotti,wcominotti7s@mashable.com,Female,88.209.178.51
282,Immanuel,Lantoph,ilantoph7t@networkadvertising.org,Male,53.171.227.210
283,Tandi,Koene,tkoene7u@indiatimes.com,Female,87.93.197.254
284,Hatty,Aireton,haireton7v@arstechnica.com,Female,141.204.98.176
285,Corine,Beasant,cbeasant7w@globo.com,Female,128.31.131.94
286,Tricia,Normabell,tnormabell7x@spotify.com,Female,156.123.28.117
287,Alfreda,Cuddon,acuddon7y@infoseek.co.jp,Female,151.192.126.179
288,Giovanna,Degue,gdegue7z@google.com.br,Female,124.130.4.5
289,Hurlee,Walbrun,hwalbrun80@google.com.br,Male,206.141.37.131
290,Evonne,McSporon,emcsporon81@cargocollective.com,Female,81.20.17.212
291,Nertie,Oakey,noakey82@irs.gov,Female,78.134.245.178
292,Peggi,Colcomb,pcolcomb83@chronoengine.com,Female,213.139.67.180
293,Ebeneser,O'Lennane,eolennane84@wikispaces.com,Male,141.24.132.228
294,Dick,Yarnley,dyarnley85@diigo.com,Male,34.208.131.251
295,Elfreda,Reith,ereith86@feedburner.com,Bigender,110.225.208.145
296,Fabien,Drinkhall,fdrinkhall87@redcross.org,Male,126.238.207.106
297,Sioux,Cuschieri,scuschieri88@cocolog-nifty.com,Female,142.38.39.142
298,Jessalin,Belverstone,jbelverstone89@wufoo.com,Bigender,68.228.46.207
299,Jen,De la Feld,jdelafeld8a@bandcamp.com,Female,14.70.46.176
300,Micky,Kaspar,mkaspar8b@opensource.org,Female,1.184.107.148
301,Ogdon,Steer,osteer8c@about.com,Male,253.2.226.179
302,Elene,Martynov,emartynov8d@yahoo.co.jp,Female,223.108.148.42
303,Lanni,Figger,lfigger8e@psu.edu,Female,105.153.240.253
304,Nico,Demann,ndemann8f@upenn.edu,Male,173.225.36.191
305,Nikoletta,Castelain,ncastelain8g@hugedomains.com,Female,255.254.119.57
306,Mart,Pound,mpound8h@4shared.com,Male,255.59.243.203
307,Hayyim,Sibson,hsibson8i@buzzfeed.com,Male,201.227.151.76
308,Tod,Burnham,tburnham8j@woothemes.com,Male,40.137.226.140
309,Alexandros,Bass,abass8k@mac.com,Male,3.252.228.210
310,Dougie,Battrum,dbattrum8l@reuters.com,Male,127.52.22.63
311,Merridie,Bircher,mbircher8m@php.net,Female,46.244.126.225
312,Nancie,Ethington,nethington8n@livejournal.com,Female,187.79.219.47
313,Tod,O'Harney,toharney8o@miibeian.gov.cn,Polygender,82.131.27.53
314,Carrie,McMackin,cmcmackin8p@bravesites.com,Female,12.241.14.215
315,Eustacia,Heddan,eheddan8q@ft.com,Female,16.235.159.233
316,Bria,Spraggs,bspraggs8r@reverbnation.com,Female,157.242.15.126
317,Lucho,Pluck,lpluck8s@soundcloud.com,Male,155.174.32.96
318,Conn,Moncaster,cmoncaster8t@odnoklassniki.ru,Male,97.58.193.74
319,Del,Feehily,dfeehily8u@about.me,Female,199.47.14.247
320,Benny,Amies,bamies8v@mapquest.com,Male,51.79.65.90
321,Vinny,McKelvey,vmckelvey8w@shareasale.com,Female,204.214.68.55
322,Lexis,Healy,lhealy8x@dell.com,Female,195.41.243.82
323,Jecho,Gavriel,jgavriel8y@elpais.com,Male,26.5.102.15
324,Elsi,Bonifazio,ebonifazio8z@aol.com,Female,33.182.9.57
325,Madelaine,Ellicombe,mellicombe90@godaddy.com,Female,118.198.3.218
326,Rufe,Basketter,rbasketter91@simplemachines.org,Male,74.37.147.48
327,Monro,Stoner,mstoner92@buzzfeed.com,Male,90.90.190.27
328,Lorens,Keunemann,lkeunemann93@clickbank.net,Male,91.129.186.251
329,Kittie,McMaster,kmcmaster94@freewebs.com,Female,72.32.81.224
330,Nancey,Kezor,nkezor95@uiuc.edu,Female,18.232.156.81
331,Tades,Tocher,ttocher96@mozilla.com,Bigender,216.68.61.111
332,Marline,Lightning,mlightning97@vk.com,Female,251.122.65.236
333,Chickie,Vowdon,cvowdon98@mapy.cz,Agender,43.131.174.113
334,Pate,Biaggioni,pbiaggioni99@cnn.com,Male,182.185.234.22
335,Cirstoforo,Sawday,csawday9a@tumblr.com,Male,116.57.158.61
336,Loretta,Gagg,lgagg9b@gravatar.com,Female,55.24.46.162
337,Gloria,Hurich,ghurich9c@samsung.com,Female,220.153.248.71
338,Joceline,Dries,jdries9d@behance.net,Female,80.16.43.191
339,Killian,Cesconi,kcesconi9e@pinterest.com,Male,124.1.55.11
340,Towney,Andriss,tandriss9f@wikipedia.org,Male,176.244.242.211
341,Annalee,Balaam,abalaam9g@forbes.com,Female,148.236.250.238
342,Raymond,Larsen,rlarsen9h@cyberchimps.com,Male,127.66.66.238
343,Elisa,Ragless,eragless9i@1688.com,Female,14.82.125.61
344,Rene,Donohoe,rdonohoe9j@networkadvertising.org,Male,94.68.237.246
345,Melisent,Bowditch,mbowditch9k@ucla.edu,Female,170.111.26.185
346,Braden,O'Drought,bodrought9l@geocities.com,Male,200.170.240.9
347,Orly,Gieves,ogieves9m@mapy.cz,Female,146.220.60.47
348,Yvette,Dunbleton,ydunbleton9n@hatena.ne.jp,Female,70.153.166.92
349,Eveline,Klimek,eklimek9o@issuu.com,Female,206.132.47.232
350,Estrella,Belchambers,ebelchambers9p@ox.ac.uk,Female,231.209.173.75
351,Patty,Kopje,pkopje9q@sbwire.com,Male,142.97.183.212
352,Louisette,Fellnee,lfellnee9r@google.fr,Agender,253.183.34.61
353,Ambrosio,Slyme,aslyme9s@guardian.co.uk,Male,87.14.129.178
354,Dennet,Aizic,daizic9t@springer.com,Male,200.2.199.167
355,Karylin,Jope,kjope9u@wp.com,Genderfluid,132.11.32.114
356,Derek,Robken,drobken9v@oakley.com,Male,46.37.104.146
357,Ingrim,Molyneaux,imolyneaux9w@is.gd,Male,46.233.129.106
358,Kathleen,Dobel,kdobel9x@marketwatch.com,Female,156.134.214.48
359,Hiram,Caswill,hcaswill9y@omniture.com,Male,52.200.4.98
360,Ellerey,Lopez,elopez9z@wisc.edu,Male,103.181.190.250
361,Stephi,Ould,soulda0@baidu.com,Female,223.31.37.111
362,Quentin,Boat,qboata1@digg.com,Male,253.99.196.103
363,Moe,Rye,mryea2@comcast.net,Male,57.102.82.216
364,Talyah,O'Feeney,tofeeneya3@loc.gov,Female,142.240.95.6
365,Dallas,Matejka,dmatejkaa4@imageshack.us,Male,40.28.38.81
366,Salaidh,Ungerechts,sungerechtsa5@washingtonpost.com,Female,145.13.88.222
367,Emanuel,Hedlestone,ehedlestonea6@apple.com,Male,122.230.187.138
368,Electra,Garber,egarbera7@fastcompany.com,Female,110.249.111.222
369,Jakie,Challace,jchallacea8@earthlink.net,Male,75.29.131.88
370,Terri,Canelas,tcanelasa9@howstuffworks.com,Female,139.192.224.214
371,Urbano,Hounihan,uhounihanaa@icio.us,Male,107.104.90.235
372,Meryl,Vinick,mvinickab@flavors.me,Female,64.12.223.107
373,Torrie,Drohane,tdrohaneac@51.la,Female,7.148.177.167
374,Saree,Kelway,skelwayad@tripod.com,Female,25.217.85.208
375,Rolando,Molfino,rmolfinoae@i2i.jp,Male,158.188.182.2
376,Jan,Larter,jlarteraf@dmoz.org,Female,19.214.69.83
377,Ira,Zoppo,izoppoag@typepad.com,Female,123.188.154.209
378,Maurizio,Caplin,mcaplinah@loc.gov,Male,253.70.160.0
379,Abbie,Tomsa,atomsaai@reddit.com,Male,253.158.57.92
380,Colman,Annott,cannottaj@exblog.jp,Agender,114.73.53.74
381,Loutitia,Going,lgoingak@aboutads.info,Female,186.69.20.49
382,Winfred,Casham,wcashamal@purevolume.com,Male,144.208.161.182
383,Susie,Woodvine,swoodvineam@networkadvertising.org,Female,71.7.223.197
384,Sabine,Bladder,sbladderan@macromedia.com,Female,201.64.242.61
385,Melina,Coxwell,mcoxwellao@t.co,Female,162.185.96.163
386,Tracey,Harbottle,tharbottleap@java.com,Genderfluid,216.1.7.91
387,Koenraad,Herity,kherityaq@woothemes.com,Male,222.15.5.1
388,Quinn,Daveren,qdaverenar@usatoday.com,Female,246.5.227.186
389,Granger,Pawelek,gpawelekas@toplist.cz,Genderfluid,11.91.221.165
390,Margery,De Pietri,mdepietriat@statcounter.com,Female,28.49.75.73
391,Adriaens,Babcock,ababcockau@linkedin.com,Female,114.38.241.212
392,Monte,Sneezem,msneezemav@people.com.cn,Male,177.241.187.253
393,Lilla,Osipov,losipovaw@sciencedirect.com,Female,125.26.72.142
394,Donny,Veregan,dvereganax@scribd.com,Female,165.214.104.107
395,Lindy,Chritchley,lchritchleyay@jiathis.com,Male,7.119.163.25
396,Whitney,Heater,wheateraz@si.edu,Female,129.2.169.52
397,Dru,Karolyi,dkarolyib0@naver.com,Male,54.175.126.79
398,Reed,Juett,rjuettb1@pcworld.com,Male,143.63.75.184
399,Debby,Stoakley,dstoakleyb2@apache.org,Female,73.151.211.56
400,Marcelline,Wilshin,mwilshinb3@myspace.com,Female,60.212.68.155
401,Peria,Weddeburn - Scrimgeour,pweddeburnscrimgeourb4@imdb.com,Female,61.161.249.178
402,Shalne,Merrifield,smerrifieldb5@wikia.com,Female,8.103.133.25
403,Vickie,Plumer,vplumerb6@drupal.org,Female,34.180.102.18
404,Alfie,Lodevick,alodevickb7@loc.gov,Female,181.0.70.121
405,Annice,Wakely,awakelyb8@plala.or.jp,Female,122.95.177.126
406,Dudley,Thonason,dthonasonb9@theguardian.com,Male,102.191.215.119
407,Claire,Ravenscroft,cravenscroftba@storify.com,Female,196.118.88.147
408,Olivero,Gilardoni,ogilardonibb@webeden.co.uk,Male,90.93.69.157
409,Leandra,Tubridy,ltubridybc@epa.gov,Female,86.156.157.247
410,Flemming,Calvert,fcalvertbd@github.com,Male,90.174.223.101
411,Georgie,Speedin,gspeedinbe@washingtonpost.com,Bigender,215.141.168.40
412,Charline,Clemson,cclemsonbf@sogou.com,Female,29.227.104.222
413,Renie,Jefferson,rjeffersonbg@spotify.com,Female,68.74.157.176
414,Bobbe,Mursell,bmursellbh@youtu.be,Female,2.98.116.73
415,Chandal,Cosbee,ccosbeebi@typepad.com,Female,71.9.155.69
416,Flss,Jedrzejczak,fjedrzejczakbj@indiatimes.com,Female,14.2.86.80
417,Nicky,Longmore,nlongmorebk@msn.com,Female,106.158.185.246
418,Jermayne,Morando,jmorandobl@usa.gov,Male,98.55.102.54
419,Abelard,Revill,arevillbm@bluehost.com,Male,151.99.189.200
420,Alfred,Tebbe,atebbebn@tinypic.com,Male,85.167.207.69
421,Gunilla,Shinner,gshinnerbo@dot.gov,Female,216.182.238.61
422,Boothe,Stevenson,bstevensonbp@loc.gov,Bigender,187.216.88.63
423,Baily,Jentgens,bjentgensbq@reference.com,Male,201.175.64.219
424,Suzie,Orneblow,sorneblowbr@globo.com,Female,75.226.160.168
425,El,Brasner,ebrasnerbs@gmpg.org,Male,204.221.21.10
426,Denyse,Folliott,dfolliottbt@g.co,Female,25.199.183.99
427,Dorothy,Sanney,dsanneybu@cafepress.com,Female,65.148.158.168
428,Bartholemy,Claypool,bclaypoolbv@e-recht24.de,Male,131.191.21.220
429,Alexandra,Cowden,acowdenbw@t.co,Female,112.203.16.116
430,Barnabe,Mattiessen,bmattiessenbx@woothemes.com,Agender,189.67.175.64
431,Abba,Boston,abostonby@mail.ru,Male,119.117.158.232
432,Broderick,O' Concannon,boconcannonbz@seesaa.net,Male,100.60.73.16
433,Gardener,Ardron,gardronc0@archive.org,Male,7.190.214.46
434,Denys,Metham,dmethamc1@gnu.org,Male,219.121.116.85
435,Fabe,Preece,fpreecec2@cmu.edu,Non-binary,31.97.207.242
436,Franny,Gunderson,fgundersonc3@tamu.edu,Female,52.192.57.121
437,Monro,Alsford,malsfordc4@aboutads.info,Male,176.168.46.171
438,Tamra,Gullam,tgullamc5@independent.co.uk,Female,12.129.29.101
439,Alfreda,Netley,anetleyc6@ucoz.ru,Female,73.245.48.47
440,Ranee,Lenormand,rlenormandc7@goo.ne.jp,Female,47.62.198.138
441,Asia,Boch,abochc8@fotki.com,Female,53.233.104.150
442,Perren,Bevis,pbevisc9@sitemeter.com,Male,127.16.221.52
443,Kelvin,Paulsson,kpaulssonca@ifeng.com,Male,6.223.106.34
444,Willy,Pidcock,wpidcockcb@dyndns.org,Male,231.118.86.240
445,Fransisco,Sturdgess,fsturdgesscc@feedburner.com,Male,255.219.210.104
446,Aigneis,Shillum,ashillumcd@buzzfeed.com,Genderfluid,39.223.148.63
447,Ase,Bowyer,abowyerce@mysql.com,Male,119.97.120.119
448,Orson,Merryman,omerrymancf@howstuffworks.com,Male,116.67.73.205
449,Vannie,Rowbury,vrowburycg@thetimes.co.uk,Female,166.169.252.251
450,Robyn,Pursglove,rpursglovech@mtv.com,Female,142.197.206.205
451,Elora,Newlands,enewlandsci@chicagotribune.com,Female,124.201.46.179
452,Mei,Farnham,mfarnhamcj@toplist.cz,Female,209.52.245.188
453,Cherise,Toplis,ctoplisck@vk.com,Female,155.83.117.167
454,Gabriella,Clyburn,gclyburncl@rambler.ru,Female,217.135.79.55
455,Paquito,Croose,pcroosecm@miitbeian.gov.cn,Male,105.139.16.208
456,Tucky,Wolfendale,twolfendalecn@t.co,Male,221.70.52.141
457,Marthe,Mingardi,mmingardico@smugmug.com,Female,176.115.226.119
458,Corrianne,Mackison,cmackisoncp@flickr.com,Female,101.46.110.163
459,Zacharias,Veysey,zveyseycq@icq.com,Male,147.177.242.43
460,Bert,Ludewig,bludewigcr@ucla.edu,Female,212.71.42.253
461,Brad,Sperrett,bsperrettcs@un.org,Male,177.197.55.156
462,Ludwig,Kelmere,lkelmerect@bbc.co.uk,Male,159.103.116.16
463,Carson,Lambdean,clambdeancu@4shared.com,Male,234.95.201.240
464,Travis,Kleehuhler,tkleehuhlercv@liveinternet.ru,Male,207.144.218.225
465,Orazio,Boram,oboramcw@opera.com,Male,131.11.52.15
466,Rodrigo,Helder,rheldercx@google.es,Male,54.250.213.154
467,Rik,Eat,reatcy@ovh.net,Genderqueer,193.146.226.55
468,Lion,Hammel,lhammelcz@weather.com,Male,80.112.45.16
469,Tom,Broome,tbroomed0@prnewswire.com,Male,71.19.229.252
470,Byrom,Dendon,bdendond1@163.com,Male,0.84.245.112
471,Darla,Dyas,ddyasd2@elpais.com,Female,199.166.236.234
472,Ophelia,Fosdyke,ofosdyked3@aol.com,Female,4.27.36.91
473,Rosaline,Allan,ralland4@mashable.com,Female,96.166.172.15
474,Mirella,Duffin,mduffind5@scribd.com,Female,239.12.79.72
475,Peta,Beeble,pbeebled6@dailymotion.com,Female,110.75.103.172
476,Shaylah,Perse,spersed7@nsw.gov.au,Female,185.115.39.199
477,Kendricks,Sate,ksated8@columbia.edu,Male,7.157.50.114
478,Francoise,Pinckney,fpinckneyd9@drupal.org,Female,47.198.186.255
479,Bernie,Skitterel,bskitterelda@foxnews.com,Male,113.113.171.188
480,Stacee,Lepere,sleperedb@businesswire.com,Male,41.241.6.240
481,Tabb,Mellanby,tmellanbydc@163.com,Male,216.144.198.76
482,Hurley,Champe,hchampedd@bloglines.com,Male,167.152.228.131
483,Donielle,Sherbourne,dsherbournede@ask.com,Female,178.90.29.217
484,Fanechka,Nix,fnixdf@ted.com,Female,18.29.214.214
485,Ly,MacWhirter,lmacwhirterdg@imgur.com,Male,208.200.204.114
486,Lyn,Arnal,larnaldh@cpanel.net,Male,67.234.84.60
487,Leandra,Ranscome,lranscomedi@microsoft.com,Female,19.66.209.194
488,Jerrie,Reckhouse,jreckhousedj@toplist.cz,Female,162.200.46.109
489,Torrence,Bleasdille,tbleasdilledk@engadget.com,Male,22.87.14.216
490,Mortimer,Keppy,mkeppydl@cisco.com,Male,26.253.141.63
491,Halsy,Kunrad,hkunraddm@blinklist.com,Male,81.101.159.28
492,Tann,Wise,twisedn@utexas.edu,Male,149.30.243.84
493,Franzen,Borrel,fborreldo@shareasale.com,Male,76.68.204.253
494,Sabrina,Mileham,smilehamdp@friendfeed.com,Female,149.76.102.58
495,Hagen,Branney,hbranneydq@comsenz.com,Male,23.157.187.47
496,Tiphanie,Caramuscia,tcaramusciadr@soundcloud.com,Female,24.40.207.9
497,Neysa,Sea,nseads@xing.com,Female,232.161.131.58
498,Jayson,Tall,jtalldt@delicious.com,Male,158.10.115.90
499,Sebastiano,Heaven,sheavendu@about.me,Male,30.238.36.141
500,Lilith,Reggiani,lreggianidv@dailymotion.com,Female,166.58.67.177
501,Shandeigh,Coldbath,scoldbathdw@usatoday.com,Female,169.112.245.86
502,Neilla,Adacot,nadacotdx@meetup.com,Female,102.211.220.239
503,Cart,Dory,cdorydy@cloudflare.com,Male,66.193.247.80
504,Valaree,Blinde,vblindedz@parallels.com,Female,152.155.241.3
505,Nina,Pavlenko,npavlenkoe0@wunderground.com,Female,60.20.170.121
506,Lyndell,Pieper,lpiepere1@google.de,Female,84.59.88.155
507,Drugi,Boissier,dboissiere2@sbwire.com,Non-binary,2.170.49.167
508,Chloris,Hoyland,choylande3@accuweather.com,Female,68.224.94.56
509,Roman,Donke,rdonkee4@smugmug.com,Male,18.163.105.242
510,Angy,Thomel,athomele5@free.fr,Female,64.16.157.228
511,Georgina,Adamovitch,gadamovitche6@last.fm,Female,233.111.101.78
512,Thor,Eilhertsen,teilhertsene7@bandcamp.com,Male,184.23.176.2
513,Olav,Roake,oroakee8@miibeian.gov.cn,Male,55.92.237.239
514,Austen,Eastridge,aeastridgee9@nbcnews.com,Male,223.108.89.155
515,Gaile,Knowller,gknowllerea@1688.com,Male,126.212.210.147
516,Hill,Brunnstein,hbrunnsteineb@devhub.com,Genderfluid,243.1.41.173
517,Jerrylee,Kienl,jkienlec@technorati.com,Female,149.200.38.143
518,Gamaliel,Lace,glaceed@geocities.jp,Male,42.124.108.76
519,Hersch,Postill,hpostillee@google.com.br,Male,178.125.110.17
520,Rhianon,Rebillard,rrebillardef@livejournal.com,Female,60.168.17.151
521,Reade,Ludovici,rludovicieg@narod.ru,Male,12.164.202.134
522,Horacio,Marshall,hmarshalleh@upenn.edu,Male,106.102.64.128
523,Ninnette,While,nwhileei@cbc.ca,Female,204.60.99.255
524,Annadiane,Serfati,aserfatiej@oracle.com,Female,228.15.246.205
525,Emilie,Dwyr,edwyrek@economist.com,Female,36.254.90.106
526,Guss,Jolliff,gjolliffel@harvard.edu,Male,224.117.66.171
527,Dillie,Witherden,dwitherdenem@usnews.com,Male,86.235.173.85
528,Edik,Callear,ecallearen@shutterfly.com,Male,184.114.70.15
529,Editha,Detloff,edetloffeo@blog.com,Female,70.15.120.225
530,Kean,Kitteridge,kkitteridgeep@xrea.com,Male,134.181.126.179
531,Quinlan,Limbrick,qlimbrickeq@istockphoto.com,Male,32.178.110.57
532,Reinhard,Moore,rmooreer@webeden.co.uk,Male,24.234.2.197
533,Berkie,Ivakhno,bivakhnoes@cocolog-nifty.com,Male,134.143.51.249
534,Aime,Foat,afoatet@theglobeandmail.com,Female,204.8.246.40
535,Carter,Semken,csemkeneu@ted.com,Male,90.214.57.66
536,Letizia,Oldford,loldfordev@dedecms.com,Female,170.96.9.115
537,Yul,Stower,ystowerew@gravatar.com,Male,175.111.230.18
538,Cirstoforo,Weine,cweineex@businessweek.com,Male,164.15.117.26
539,Tracey,Gary,tgaryey@wikispaces.com,Female,183.215.5.38
540,Cornelius,Kittley,ckittleyez@usa.gov,Male,60.45.234.238
541,Glynn,Dory,gdoryf0@geocities.jp,Male,227.93.244.240
542,Sandie,Jersh,sjershf1@mac.com,Female,6.97.183.9
543,Nerissa,Drust,ndrustf2@soup.io,Female,180.135.59.13
544,Carleton,Karlsson,ckarlssonf3@unblog.fr,Male,189.4.93.81
545,Dehlia,Pleasaunce,dpleasauncef4@bandcamp.com,Genderqueer,49.239.217.159
546,Lewie,Goolding,lgooldingf5@wiley.com,Male,125.237.56.158
547,Cull,Nolli,cnollif6@hatena.ne.jp,Male,170.221.165.223
548,Daria,Lyver,dlyverf7@sciencedirect.com,Female,1.187.69.216
549,Gipsy,McConnachie,gmcconnachief8@gmpg.org,Female,88.175.238.20
550,Ewell,Sommers,esommersf9@ezinearticles.com,Male,54.120.15.9
551,Valene,Woodall,vwoodallfa@google.it,Female,52.122.130.18
552,Ode,Ralston,oralstonfb@newyorker.com,Genderfluid,239.43.39.217
553,Lesley,Francescone,lfrancesconefc@state.gov,Male,146.22.108.59
554,Fedora,Grayshan,fgrayshanfd@unc.edu,Female,210.240.207.220
555,Kettie,Worsell,kworsellfe@whitehouse.gov,Female,172.166.26.81
556,Deonne,Ogden,dogdenff@guardian.co.uk,Female,93.63.60.117
557,Goldie,LeEstut,gleestutfg@fema.gov,Female,25.199.47.84
558,Miguelita,Tiebe,mtiebefh@seesaa.net,Female,69.135.242.144
559,Simone,Bisco,sbiscofi@printfriendly.com,Genderqueer,53.5.212.92
560,Moishe,Fairbrother,mfairbrotherfj@g.co,Male,78.75.59.13
561,Nevil,Oliveti,nolivetifk@diigo.com,Genderfluid,23.18.44.138
562,Marysa,Durden,mdurdenfl@liveinternet.ru,Bigender,233.55.248.58
563,Sol,Royds,sroydsfm@go.com,Male,168.207.46.59
564,Stepha,Alp,salpfn@google.co.uk,Female,209.15.30.131
565,Bernadine,Osban,bosbanfo@soup.io,Polygender,115.100.102.209
566,Connor,Anderl,canderlfp@freewebs.com,Male,194.120.41.236
567,Lavena,Harraway,lharrawayfq@omniture.com,Female,237.166.110.98
568,Tadeo,Hessel,thesselfr@telegraph.co.uk,Genderqueer,236.159.207.37
569,Sterne,Willcox,swillcoxfs@technorati.com,Male,183.6.252.83
570,Gerianne,Masterman,gmastermanft@infoseek.co.jp,Female,130.81.127.182
571,Leandra,Harcarse,lharcarsefu@wordpress.com,Female,243.150.30.51
572,Yale,Bulcock,ybulcockfv@multiply.com,Male,82.116.82.52
573,Norry,Mixture,nmixturefw@dailymotion.com,Male,90.242.194.91
574,Ange,Aisman,aaismanfx@timesonline.co.uk,Female,40.81.69.204
575,Adorne,Davenall,adavenallfy@auda.org.au,Female,251.251.22.134
576,Sully,Geeves,sgeevesfz@facebook.com,Male,230.31.21.34
577,Donnie,M'Quharge,dmquhargeg0@wsj.com,Male,137.203.33.238
578,Harmonie,Mungan,hmungang1@foxnews.com,Non-binary,195.76.39.227
579,Stacie,Riordan,sriordang2@purevolume.com,Female,13.247.108.246
580,Jillie,Mavin,jmaving3@salon.com,Female,129.54.249.6
581,Brooke,Gasnoll,bgasnollg4@comsenz.com,Male,73.68.42.16
582,Idell,Tolomelli,itolomellig5@wix.com,Female,118.38.94.193
583,Libbi,Schiefersten,lschiefersteng6@java.com,Female,42.170.186.85
584,Karleen,Stitfall,kstitfallg7@harvard.edu,Female,47.48.59.159
585,Debi,Grebner,dgrebnerg8@canalblog.com,Female,150.190.79.56
586,Lorraine,Gull,lgullg9@desdev.cn,Female,146.98.113.167
587,Mikael,Porteous,mporteousga@tiny.cc,Male,98.91.83.109
588,Farrell,Walklate,fwalklategb@nih.gov,Male,113.107.28.123
589,Shantee,Westoll,swestollgc@hexun.com,Female,73.210.171.148
590,Iggie,Brewett,ibrewettgd@google.com,Male,142.83.111.226
591,Lyndy,Gherardi,lgherardige@blogger.com,Female,180.47.66.114
592,Lorenza,Woodworth,lwoodworthgf@youtube.com,Female,39.130.66.195
593,Hana,Scamadine,hscamadinegg@state.tx.us,Female,119.121.151.237
594,Maurise,Eble,meblegh@mozilla.com,Male,8.86.114.42
595,Thaddus,Kleinhandler,tkleinhandlergi@wikia.com,Male,60.195.169.34
596,Madelyn,Orwin,morwingj@bloglovin.com,Non-binary,192.75.72.120
597,Alphonso,Gower,agowergk@arstechnica.com,Male,189.49.48.225
598,Kitty,Brokenshaw,kbrokenshawgl@omniture.com,Female,17.58.246.105
599,Finlay,O'Hoolahan,fohoolahangm@cbc.ca,Male,71.80.240.54
600,Maryann,Paolazzi,mpaolazzign@sina.com.cn,Female,224.96.108.69
601,Morley,Emmot,memmotgo@techcrunch.com,Male,16.23.55.238
602,Cilka,Cotgrove,ccotgrovegp@imdb.com,Female,181.233.209.231
603,Clayton,Doddemeede,cdoddemeedegq@examiner.com,Male,0.146.50.165
604,Avis,Spaven,aspavengr@typepad.com,Female,52.69.223.168
605,Marv,Sammars,msammarsgs@miibeian.gov.cn,Male,165.21.46.136
606,Mac,Worthy,mworthygt@weather.com,Male,239.170.208.163
607,Ranique,Bus,rbusgu@people.com.cn,Female,166.13.212.80
608,Brandtr,Maytum,bmaytumgv@intel.com,Male,242.150.34.58
609,Norene,Quiddihy,nquiddihygw@weibo.com,Female,146.63.210.198
610,Freida,McMenamie,fmcmenamiegx@google.es,Female,71.173.62.105
611,Boone,MacPadene,bmacpadenegy@elpais.com,Bigender,15.70.42.72
612,Dennis,Covet,dcovetgz@deviantart.com,Male,223.75.30.25
613,Liam,Marcroft,lmarcrofth0@wufoo.com,Male,236.111.187.222
614,Mord,Walstow,mwalstowh1@timesonline.co.uk,Male,145.140.210.24
615,Gay,Aupol,gaupolh2@techcrunch.com,Male,157.83.146.70
616,Gigi,Skea,gskeah3@uol.com.br,Female,84.209.172.47
617,Tiffany,Hufton,thuftonh4@cbslocal.com,Female,15.117.92.155
618,Lyndy,Siddon,lsiddonh5@w3.org,Female,65.180.157.204
619,Waldon,Ferdinand,wferdinandh6@redcross.org,Male,138.205.203.188
620,Thane,Alsford,talsfordh7@wordpress.com,Male,28.143.17.31
621,Nilson,Minett,nminetth8@si.edu,Male,65.21.53.217
622,Teresina,Marmon,tmarmonh9@sphinn.com,Female,43.149.109.41
623,Lillis,Auston,laustonha@squarespace.com,Female,107.127.251.70
624,Scot,Wilkie,swilkiehb@sun.com,Male,17.132.139.228
625,Eldin,Romagosa,eromagosahc@jiathis.com,Male,216.73.205.134
626,Wes,Greensite,wgreensitehd@gizmodo.com,Genderfluid,248.115.140.39
627,Devon,Kinchington,dkinchingtonhe@moonfruit.com,Female,166.169.239.179
628,Bearnard,Gronaver,bgronaverhf@indiegogo.com,Male,191.253.219.231
629,Starlene,Skym,sskymhg@ox.ac.uk,Female,98.136.196.56
630,Quentin,O'Beirne,qobeirnehh@bizjournals.com,Female,218.182.154.5
631,Catharina,Bottjer,cbottjerhi@freewebs.com,Female,92.130.228.157
632,Haskel,Lackham,hlackhamhj@oakley.com,Male,175.143.136.131
633,Boot,Klejna,bklejnahk@noaa.gov,Male,140.36.232.224
634,Ingemar,Manwaring,imanwaringhl@twitter.com,Non-binary,56.193.200.141
635,Annecorinne,Rodolico,arodolicohm@ed.gov,Female,26.42.225.4
636,Sawyer,Hards,shardshn@ebay.co.uk,Male,226.122.202.66
637,Johnny,Draxford,jdraxfordho@jiathis.com,Male,50.246.26.194
638,Elnore,Hender,ehenderhp@addtoany.com,Non-binary,36.168.188.221
639,Kittie,Arghent,karghenthq@bluehost.com,Female,73.107.72.66
640,Russell,Stainton,rstaintonhr@gmpg.org,Male,183.38.236.74
641,Valerie,Sings,vsingshs@accuweather.com,Female,182.8.127.106
642,Salmon,Sterke,ssterkeht@google.fr,Male,15.177.104.199
643,Abbye,Fergyson,afergysonhu@nationalgeographic.com,Female,55.81.75.251
644,Barbabra,Awin,bawinhv@mtv.com,Female,238.115.91.109
645,Kim,McNee,kmcneehw@uiuc.edu,Male,162.26.59.58
646,Armin,Harrild,aharrildhx@creativecommons.org,Male,73.38.222.104
647,Ricki,Gokes,rgokeshy@example.com,Female,15.66.146.192
648,Noel,Caig,ncaighz@canalblog.com,Female,139.113.55.152
649,Jocko,Pennycord,jpennycordi0@columbia.edu,Male,214.32.110.201
650,Evaleen,Mewrcik,emewrciki1@nymag.com,Female,219.158.19.74
651,Minerva,Jolliss,mjollissi2@woothemes.com,Female,102.7.144.1
652,Theadora,Johananov,tjohananovi3@so-net.ne.jp,Female,20.255.231.154
653,Hana,Cubbino,hcubbinoi4@hibu.com,Female,19.113.97.69
654,Carissa,Filan,cfilani5@princeton.edu,Agender,169.67.205.111
655,Lucretia,Fisher,lfisheri6@nationalgeographic.com,Female,112.61.17.30
656,Joseph,Sawter,jsawteri7@dion.ne.jp,Male,247.130.197.27
657,Arabel,Kettlestring,akettlestringi8@guardian.co.uk,Female,25.122.16.247
658,Kasper,Fodden,kfoddeni9@tinypic.com,Male,199.114.133.182
659,Hillery,Risso,hrissoia@washingtonpost.com,Male,43.146.54.225
660,Charmaine,Neiland,cneilandib@utexas.edu,Female,41.192.103.192
661,Bili,Lively,blivelyic@google.cn,Female,16.157.208.70
662,Trace,Whenham,twhenhamid@lulu.com,Male,39.35.145.218
663,Loy,Grindlay,lgrindlayie@bloomberg.com,Male,220.135.112.133
664,Udall,Brearty,ubreartyif@google.com.au,Male,153.85.0.221
665,Giacopo,Gluyus,ggluyusig@google.nl,Agender,187.182.147.22
666,Robert,Kinchington,rkinchingtonih@slideshare.net,Male,178.88.52.126
667,Kilian,Clubley,kclubleyii@nhs.uk,Male,4.205.227.143
668,Elita,Vaissiere,evaissiereij@smugmug.com,Polygender,215.142.38.170
669,Ellynn,Gamon,egamonik@pcworld.com,Female,111.16.135.102
670,Ophelia,Vasyunin,ovasyuninil@techcrunch.com,Female,113.221.63.224
671,Hew,Kersting,hkerstingim@cpanel.net,Male,105.207.202.2
672,Meryl,Fulbrook,mfulbrookin@techcrunch.com,Male,203.131.235.61
673,Ailey,Stanion,astanionio@ow.ly,Female,69.163.100.252
674,Cheryl,Claesens,cclaesensip@people.com.cn,Female,8.78.75.35
675,Anatollo,Mark,amarkiq@nytimes.com,Male,97.87.95.66
676,Margie,Warlock,mwarlockir@symantec.com,Female,46.111.247.0
677,Arleen,Giddy,agiddyis@usgs.gov,Female,184.183.122.136
678,Verina,Barz,vbarzit@issuu.com,Female,93.114.154.184
679,Meggi,Weekland,mweeklandiu@usgs.gov,Non-binary,16.72.23.6
680,Dasie,Pulley,dpulleyiv@e-recht24.de,Female,63.119.161.152
681,Austina,Monier,amonieriw@xinhuanet.com,Female,25.229.92.11
682,Robbert,Albro,ralbroix@netlog.com,Male,25.245.186.20
683,Rosmunda,Grinin,rgrininiy@unesco.org,Genderqueer,42.94.136.114
684,Alika,Willisch,awillischiz@privacy.gov.au,Female,26.34.125.212
685,Lilla,Brenneke,lbrennekej0@nymag.com,Female,229.184.174.233
686,Jacintha,Patriskson,jpatrisksonj1@amazon.com,Female,252.127.231.237
687,Quincey,Croce,qcrocej2@google.co.jp,Male,55.134.182.68
688,Kristoffer,Plumer,kplumerj3@deviantart.com,Male,93.66.21.22
689,Loree,Marklin,lmarklinj4@lulu.com,Female,48.236.250.174
690,Sigismund,McCreery,smccreeryj5@w3.org,Male,107.121.221.213
691,Gwendolyn,Faraker,gfarakerj6@youtu.be,Female,41.158.187.130
692,Hynda,MacKinnon,hmackinnonj7@earthlink.net,Female,203.41.5.181
693,Crin,Touhig,ctouhigj8@phoca.cz,Female,163.209.14.247
694,Timmie,Carberry,tcarberryj9@ovh.net,Female,8.181.95.40
695,Sibby,Cahani,scahanija@usnews.com,Female,209.26.228.141
696,Guillemette,Dowsing,gdowsingjb@weather.com,Female,89.222.138.93
697,Amber,Woodyeare,awoodyearejc@mayoclinic.com,Female,227.118.72.252
698,Scarface,McCrow,smccrowjd@posterous.com,Agender,191.169.114.205
699,Fiona,Bluck,fbluckje@topsy.com,Female,56.38.149.220
700,Shawnee,Dillet,sdilletjf@networksolutions.com,Female,39.40.5.240
701,Chantalle,Test,ctestjg@aboutads.info,Female,101.156.139.249
702,Wittie,Johnson,wjohnsonjh@toplist.cz,Male,173.123.14.176
703,Karlan,Enston,kenstonji@home.pl,Male,9.15.23.171
704,Gwyn,Paulon,gpaulonjj@auda.org.au,Female,223.138.98.73
705,Felipe,Chattock,fchattockjk@cam.ac.uk,Genderfluid,120.79.225.136
706,Welby,Janos,wjanosjl@narod.ru,Male,65.185.235.130
707,Portie,Corbould,pcorbouldjm@desdev.cn,Male,94.252.119.47
708,Candice,Morillas,cmorillasjn@rediff.com,Female,249.53.204.56
709,Heinrick,Samet,hsametjo@thetimes.co.uk,Male,26.196.47.96
710,Libbey,Dore,ldorejp@dion.ne.jp,Female,106.145.153.233
711,Konstantine,Filinkov,kfilinkovjq@elpais.com,Male,171.196.4.169
712,Teresina,Witheford,twithefordjr@salon.com,Female,171.88.89.176
713,Dolph,Gauvin,dgauvinjs@sakura.ne.jp,Male,9.231.219.86
714,Sheffy,Neissen,sneissenjt@vimeo.com,Male,75.174.75.12
715,Elvina,Hamments,ehammentsju@creativecommons.org,Female,93.164.79.209
716,Elden,Coster,ecosterjv@japanpost.jp,Male,133.3.136.224
717,Felicia,Juanico,fjuanicojw@blogtalkradio.com,Female,239.117.174.172
718,Quintus,Cuffin,qcuffinjx@answers.com,Male,50.127.177.97
719,Tracee,Gabbat,tgabbatjy@cornell.edu,Female,49.10.185.186
720,Fowler,Sellor,fsellorjz@yahoo.co.jp,Male,123.228.147.195
721,Wilfrid,O'Donoghue,wodonoghuek0@icio.us,Genderfluid,250.13.29.16
722,Paddy,Clemendot,pclemendotk1@infoseek.co.jp,Male,182.137.146.128
723,Dallas,Rosoman,drosomank2@ezinearticles.com,Male,74.117.19.222
724,Austin,Paulet,apauletk3@senate.gov,Female,221.171.234.229
725,Hattie,Robinson,hrobinsonk4@hc360.com,Female,147.116.17.87
726,Ruben,Godilington,rgodilingtonk5@archive.org,Male,239.81.203.30
727,Gamaliel,Lackey,glackeyk6@fastcompany.com,Male,180.21.191.16
728,Grazia,Arro,garrok7@walmart.com,Female,237.44.80.202
729,Hal,Duly,hdulyk8@alibaba.com,Male,118.43.133.225
730,Carlina,Haddick,chaddickk9@chron.com,Female,87.91.115.42
731,Gillie,Okroy,gokroyka@columbia.edu,Female,213.110.166.45
732,Joye,Clixby,jclixbykb@360.cn,Female,166.248.70.77
733,Shaina,Haggett,shaggettkc@deliciousdays.com,Female,82.90.191.188
734,Morris,Gilfoyle,mgilfoylekd@usatoday.com,Male,35.46.143.2
735,Lisetta,Dargavel,ldargavelke@usda.gov,Female,209.0.9.175
736,Sabra,Undrill,sundrillkf@ihg.com,Female,32.147.187.221
737,Torry,Pagel,tpagelkg@nbcnews.com,Male,188.63.62.39
738,Andrea,Fenech,afenechkh@photobucket.com,Female,254.190.227.116
739,Robinett,Planke,rplankeki@parallels.com,Female,29.33.160.108
740,Yalonda,Caustic,ycaustickj@slate.com,Female,20.153.58.92
741,Odella,Giovannetti,ogiovannettikk@eventbrite.com,Female,25.54.94.98
742,Ann,Gawthrope,agawthropekl@japanpost.jp,Genderqueer,131.40.44.130
743,Mick,Touhig,mtouhigkm@reuters.com,Male,61.47.125.20
744,Alexandro,Milnes,amilneskn@dailymotion.com,Male,227.209.54.221
745,Lukas,Lince,llinceko@phoca.cz,Agender,136.130.143.214
746,Albert,Cordle,acordlekp@comsenz.com,Male,161.142.138.87
747,Dolph,Kittley,dkittleykq@phoca.cz,Male,87.76.139.91
748,Shelli,Mathet,smathetkr@accuweather.com,Female,17.212.182.69
749,Norah,Woof,nwoofks@bizjournals.com,Female,75.92.160.171
750,Bradan,Steven,bstevenkt@dropbox.com,Male,50.145.132.223
751,Timothea,Hughlock,thughlockku@amazon.co.jp,Female,201.74.38.207
752,Griz,Blasiak,gblasiakkv@sitemeter.com,Male,100.242.170.199
753,Guillaume,Ninnoli,gninnolikw@bloglines.com,Male,48.104.243.200
754,Lelia,Malkin,lmalkinkx@si.edu,Female,62.31.8.19
755,Hank,Moens,hmoensky@google.es,Bigender,128.183.194.215
756,Willetta,Dory,wdorykz@unicef.org,Female,20.37.189.255
757,Sybyl,Klosges,sklosgesl0@google.nl,Female,115.223.245.117
758,Lexi,Bosence,lbosencel1@newyorker.com,Female,98.13.72.212
759,Jeremie,Lippitt,jlippittl2@home.pl,Male,159.138.189.179
760,Rik,Rays,rraysl3@globo.com,Male,152.237.73.138
761,Clemmy,Chaston,cchastonl4@nyu.edu,Female,195.3.231.129
762,Hubert,Braithwaite,hbraithwaitel5@imageshack.us,Non-binary,12.163.3.85
763,Tom,Dooler,tdoolerl6@samsung.com,Male,102.165.186.196
764,Grethel,MacGeffen,gmacgeffenl7@discuz.net,Female,15.232.134.76
765,Ferne,Toomey,ftoomeyl8@nymag.com,Female,112.90.57.88
766,Nola,Woolford,nwoolfordl9@google.pl,Female,163.68.170.177
767,Griffie,Bullick,gbullickla@lulu.com,Male,116.76.245.199
768,Sam,Golley,sgolleylb@discovery.com,Male,62.175.103.220
769,Hillery,Maginot,hmaginotlc@japanpost.jp,Male,140.61.249.39
770,Xerxes,Avent,xaventld@bbc.co.uk,Male,121.174.227.97
771,Cosette,Klimochkin,cklimochkinle@ft.com,Female,2.74.164.181
772,Albertine,Mertsching,amertschinglf@reuters.com,Female,206.122.181.134
773,Pierrette,Maxweell,pmaxweelllg@apple.com,Female,122.198.192.220
774,Coral,Grinnikov,cgrinnikovlh@joomla.org,Female,255.63.249.247
775,Dot,Farraway,dfarrawayli@list-manage.com,Female,111.150.220.242
776,Nada,Surman-Wells,nsurmanwellslj@multiply.com,Female,171.140.23.42
777,Aubrie,Grunwall,agrunwalllk@yahoo.com,Female,163.227.238.253
778,Cassandry,Kyllford,ckyllfordll@dot.gov,Female,247.221.81.147
779,Barbra,Learmont,blearmontlm@goo.ne.jp,Female,136.13.136.129
780,Vincenty,Curuclis,vcuruclisln@shutterfly.com,Male,227.247.11.62
781,Claus,Benjamin,cbenjaminlo@indiegogo.com,Male,114.200.11.13
782,Hartwell,MacPike,hmacpikelp@vkontakte.ru,Non-binary,229.29.28.70
783,Darci,Marden,dmardenlq@netvibes.com,Female,69.40.142.239
784,Aland,Nattriss,anattrisslr@earthlink.net,Male,85.3.148.205
785,Witty,Korbmaker,wkorbmakerls@smugmug.com,Polygender,66.104.27.203
786,Keefe,Putley,kputleylt@comcast.net,Bigender,26.167.177.10
787,Erastus,Sneath,esneathlu@nifty.com,Male,227.46.114.50
788,Igor,Dwelly,idwellylv@g.co,Male,189.218.224.31
789,Vivyan,Kobu,vkobulw@mashable.com,Female,82.113.36.161
790,Egbert,Mitie,emitielx@hexun.com,Male,246.204.242.133
791,Moritz,Cruddas,mcruddasly@cbslocal.com,Male,167.200.25.53
792,Rem,Gissing,rgissinglz@simplemachines.org,Male,15.65.101.198
793,Dion,Prestage,dprestagem0@furl.net,Male,2.32.147.81
794,Wylma,Dunning,wdunningm1@blogspot.com,Genderfluid,238.98.9.15
795,Barbey,Cominotti,bcominottim2@xinhuanet.com,Bigender,73.4.148.219
796,Bartholomew,Angeau,bangeaum3@w3.org,Male,142.18.115.243
797,Kirstyn,Beggs,kbeggsm4@google.com.au,Female,132.165.196.112
798,Pete,Shewring,pshewringm5@icio.us,Male,105.1.26.135
799,Vin,Shalders,vshaldersm6@macromedia.com,Female,102.92.66.72
800,Ethel,Proudley,eproudleym7@google.com.hk,Female,216.179.223.37
801,Robbin,Fairbairn,rfairbairnm8@github.com,Female,120.30.75.93
802,Dugald,Chessill,dchessillm9@archive.org,Male,65.183.12.94
803,Cristie,Grigor,cgrigorma@instagram.com,Female,251.38.171.180
804,Jillie,Goracci,jgoraccimb@cmu.edu,Female,249.197.228.201
805,Oran,Kimblen,okimblenmc@noaa.gov,Bigender,91.176.114.181
806,Sunshine,Killbey,skillbeymd@storify.com,Female,104.233.243.180
807,Alberta,Hendrickson,ahendricksonme@walmart.com,Female,191.73.210.158
808,Georgine,Mowsdell,gmowsdellmf@disqus.com,Female,109.39.178.166
809,Valentino,Oggers,voggersmg@squarespace.com,Male,173.80.74.250
810,Fair,De Morena,fdemorenamh@macromedia.com,Male,45.57.241.44
811,Dominique,Kamena,dkamenami@washington.edu,Female,37.137.192.145
812,Ruttger,Gates,rgatesmj@dyndns.org,Male,252.181.185.140
813,Sibyl,Angrick,sangrickmk@answers.com,Female,208.132.210.175
814,Marten,Fullard,mfullardml@cnet.com,Male,4.121.99.151
815,Shawna,Seywood,sseywoodmm@oaic.gov.au,Female,27.242.102.127
816,Jacinta,Memory,jmemorymn@networksolutions.com,Female,240.17.171.226
817,Dennet,Edmands,dedmandsmo@columbia.edu,Male,183.199.95.251
818,Susette,Ledward,sledwardmp@about.com,Female,229.10.241.194
819,Ban,Eatttok,beatttokmq@hexun.com,Bigender,37.238.252.33
820,Vasily,Durbann,vdurbannmr@ca.gov,Male,112.130.47.125
821,Laina,Giovannilli,lgiovannillims@washington.edu,Female,25.80.70.206
822,Izzy,Peddar,ipeddarmt@studiopress.com,Male,43.240.246.120
823,Seana,Nix,snixmu@blogs.com,Female,22.15.232.125
824,Gram,Cadney,gcadneymv@hexun.com,Male,153.255.150.205
825,Charlotta,Rentelll,crentelllmw@tripod.com,Female,86.224.65.157
826,Barthel,McKeney,bmckeneymx@nationalgeographic.com,Male,56.143.96.9
827,Parker,Morville,pmorvillemy@dropbox.com,Male,184.201.169.72
828,Clerkclaude,Mitchenson,cmitchensonmz@webeden.co.uk,Male,254.227.154.203
829,Prudy,Wilse,pwilsen0@chicagotribune.com,Female,102.20.28.82
830,Karole,Boddie,kboddien1@harvard.edu,Female,1.240.195.141
831,Claude,Noel,cnoeln2@ebay.com,Female,62.119.89.62
832,Erin,Spriddle,espriddlen3@blogger.com,Male,7.113.146.117
833,Gerrie,Gallamore,ggallamoren4@oracle.com,Female,133.75.63.65
834,Lidia,Teanby,lteanbyn5@webnode.com,Genderqueer,53.92.69.16
835,Farlay,Newman,fnewmann6@soup.io,Genderfluid,10.13.82.51
836,Jens,Themann,jthemannn7@sakura.ne.jp,Male,122.159.64.159
837,Catharina,Dahmel,cdahmeln8@wired.com,Female,166.133.156.166
838,Sunny,Finicj,sfinicjn9@pcworld.com,Male,183.53.207.85
839,Dael,Crisford,dcrisfordna@zimbio.com,Female,240.106.51.181
840,Christin,Housen,chousennb@canalblog.com,Female,135.76.89.224
841,Lexi,Angrick,langricknc@usatoday.com,Female,186.191.119.66
842,Ode,Houson,ohousonnd@washingtonpost.com,Male,176.121.203.25
843,Myrle,Ware,mwarene@admin.ch,Female,68.141.237.85
844,Lenee,Holsey,lholseynf@google.cn,Female,226.205.146.154
845,Mitch,Hacquel,mhacquelng@cbc.ca,Male,25.57.156.157
846,Faydra,Haskins,fhaskinsnh@weebly.com,Female,103.147.138.72
847,Antonella,Haycox,ahaycoxni@skype.com,Female,183.30.104.195
848,Christopher,Gosland,cgoslandnj@wufoo.com,Genderqueer,227.54.199.210
849,Ibbie,Gullis,igullisnk@netscape.com,Female,36.148.128.155
850,Tani,Burtwhistle,tburtwhistlenl@phoca.cz,Non-binary,140.140.12.221
851,Akim,Joule,ajoulenm@shutterfly.com,Male,203.18.143.243
852,Fred,Rings,fringsnn@goo.gl,Female,62.137.71.133
853,Tabby,Latchmore,tlatchmoreno@mapquest.com,Agender,128.116.202.203
854,Anya,Poultney,apoultneynp@samsung.com,Female,94.246.243.198
855,Lucita,Klesl,lkleslnq@umn.edu,Female,240.166.3.179
856,Lisetta,Olerenshaw,lolerenshawnr@phoca.cz,Female,29.88.198.74
857,Tadio,Skully,tskullyns@chicagotribune.com,Male,207.229.3.185
858,Owen,Shird,oshirdnt@arizona.edu,Male,231.241.88.87
859,Byrann,Bumphries,bbumphriesnu@hhs.gov,Male,203.244.61.227
860,Elihu,Winsper,ewinspernv@vistaprint.com,Male,225.40.25.234
861,Redd,Jacobovitch,rjacobovitchnw@pcworld.com,Male,186.224.17.0
862,Karina,Alvarez,kalvareznx@timesonline.co.uk,Female,140.133.221.142
863,Alvira,Lotherington,alotheringtonny@arstechnica.com,Female,51.151.236.108
864,Briano,Golling,bgollingnz@bravesites.com,Polygender,59.11.26.152
865,Yettie,Marlon,ymarlono0@typepad.com,Female,1.53.100.213
866,Ursola,Cockson,ucocksono1@biblegateway.com,Female,148.170.142.155
867,Corabel,Petrou,cpetrouo2@wikimedia.org,Female,61.48.166.24
868,Kelwin,Gauch,kgaucho3@rediff.com,Male,249.160.209.126
869,Leon,Fennick,lfennicko4@gov.uk,Male,224.210.238.14
870,Modesta,Gunnell,mgunnello5@wikimedia.org,Agender,64.241.140.130
871,Gillan,Rubinsky,grubinskyo6@squidoo.com,Female,2.32.232.217
872,Averell,Bausor,abausoro7@hp.com,Male,242.232.196.172
873,Chris,Moysey,cmoyseyo8@technorati.com,Female,110.94.9.249
874,Zack,Silverthorne,zsilverthorneo9@nationalgeographic.com,Male,5.56.180.9
875,Winona,Frankis,wfrankisoa@sun.com,Female,78.150.109.166
876,Orin,Whitford,owhitfordob@zimbio.com,Male,249.203.251.135
877,Ginnie,Yea,gyeaoc@nsw.gov.au,Genderqueer,215.50.18.59
878,Chiquia,Grigor,cgrigorod@ocn.ne.jp,Female,177.97.178.236
879,Josi,Antoszewski,jantoszewskioe@youtu.be,Female,27.219.220.109
880,Willy,Hacard,whacardof@youtu.be,Female,170.133.19.92
881,Traver,Barnard,tbarnardog@dot.gov,Male,187.34.156.7
882,Jeffy,Jennemann,jjennemannoh@elpais.com,Male,251.27.195.178
883,Bride,Whitehorne,bwhitehorneoi@eventbrite.com,Female,32.200.250.202
884,Madella,Yockney,myockneyoj@trellian.com,Female,151.231.50.202
885,Murvyn,Hazeldean,mhazeldeanok@google.pl,Genderqueer,61.191.39.188
886,Theobald,Lamke,tlamkeol@booking.com,Male,235.220.42.59
887,Brig,Gosnold,bgosnoldom@marriott.com,Male,97.59.94.20
888,Cecily,Staniford,cstanifordon@intel.com,Female,105.136.60.45
889,Wain,Jakes,wjakesoo@foxnews.com,Male,151.20.27.44
890,Launce,Staterfield,lstaterfieldop@mozilla.com,Male,20.100.147.240
891,Caryn,Sambiedge,csambiedgeoq@about.com,Female,187.101.166.50
892,Kathryn,Cavilla,kcavillaor@ask.com,Non-binary,31.175.247.184
893,Cordey,Leamy,cleamyos@miibeian.gov.cn,Genderqueer,226.198.70.174
894,Hobie,Sawfoot,hsawfootot@deviantart.com,Male,111.185.155.226
895,Gauthier,Tidy,gtidyou@unicef.org,Male,13.68.249.123
896,Leo,Bispham,lbisphamov@discuz.net,Male,35.11.218.166
897,Dione,Dinsdale,ddinsdaleow@wunderground.com,Female,208.151.79.102
898,Carmela,Cicullo,cciculloox@google.it,Female,59.116.16.62
899,Noreen,Studdeard,nstuddeardoy@opera.com,Female,16.62.50.126
900,Regan,Bredgeland,rbredgelandoz@feedburner.com,Female,208.139.242.245
901,Olenolin,Tullett,otullettp0@dot.gov,Male,26.59.141.213
902,Violetta,Dobkin,vdobkinp1@bbc.co.uk,Female,120.240.64.182
903,Kelley,Morphet,kmorphetp2@newsvine.com,Female,55.11.221.44
904,Monte,Hatt,mhattp3@xrea.com,Male,149.110.189.3
905,Randy,Elston,relstonp4@mail.ru,Male,250.102.213.130
906,Cammy,Willwood,cwillwoodp5@infoseek.co.jp,Genderqueer,37.153.200.11
907,Kathlin,Vaughan,kvaughanp6@imageshack.us,Non-binary,199.213.7.119
908,Tansy,Badby,tbadbyp7@earthlink.net,Female,174.66.229.151
909,Ham,Cosgriff,hcosgriffp8@wunderground.com,Male,117.149.192.34
910,Jillene,Preto,jpretop9@ezinearticles.com,Female,3.56.158.245
911,Lorry,Worgen,lworgenpa@typepad.com,Male,198.200.25.135
912,Ferris,Saggs,fsaggspb@geocities.jp,Male,192.92.175.87
913,Shelton,Blanket,sblanketpc@shareasale.com,Male,121.255.79.125
914,Rafe,Canellas,rcanellaspd@edublogs.org,Male,22.7.213.255
915,Kendricks,Gabbett,kgabbettpe@youtu.be,Male,205.33.46.56
916,Gracie,Pawlett,gpawlettpf@wikipedia.org,Female,207.172.4.113
917,Vivyanne,Sarah,vsarahpg@pcworld.com,Female,131.170.196.150
918,Moselle,Hammerton,mhammertonph@tinypic.com,Female,172.150.148.26
919,Artemis,Leydon,aleydonpi@ted.com,Male,11.173.145.52
920,Kassey,Harmant,kharmantpj@t.co,Female,97.207.134.15
921,Jaclin,Parlot,jparlotpk@usnews.com,Female,27.93.187.175
922,Efren,Raffles,erafflespl@unesco.org,Male,166.134.173.20
923,Georgeta,Mulderrig,gmulderrigpm@jimdo.com,Female,92.24.76.137
924,Ted,Dyter,tdyterpn@stumbleupon.com,Male,53.249.18.186
925,Linell,Sacase,lsacasepo@globo.com,Female,202.134.29.54
926,Tripp,McDiarmid,tmcdiarmidpp@hatena.ne.jp,Male,162.231.252.159
927,Melony,Vondracek,mvondracekpq@skyrock.com,Female,38.188.205.123
928,Marlo,Bountiff,mbountiffpr@odnoklassniki.ru,Male,149.239.132.109
929,Whitman,Akister,wakisterps@opera.com,Male,227.194.57.189
930,Preston,Ponceford,pponcefordpt@boston.com,Male,196.60.230.46
931,Humfried,Laming,hlamingpu@amazon.de,Male,173.254.251.100
932,Corry,Allchorn,callchornpv@networkadvertising.org,Female,72.96.1.199
933,Caesar,Howgate,chowgatepw@usda.gov,Male,38.249.25.159
934,Thorstein,Fante,tfantepx@hatena.ne.jp,Male,12.189.218.177
935,Joela,Cocke,jcockepy@senate.gov,Female,83.223.22.92
936,Andrey,Snaith,asnaithpz@mit.edu,Male,28.231.38.65
937,Gare,Pheby,gphebyq0@biblegateway.com,Male,68.180.71.67
938,Bess,Casella,bcasellaq1@qq.com,Female,215.224.65.10
939,Ruthy,Mayman,rmaymanq2@icio.us,Female,176.15.23.142
940,Jamie,McClune,jmccluneq3@shareasale.com,Female,121.221.122.66
941,Charmane,Hallyburton,challyburtonq4@netscape.com,Female,81.88.106.129
942,Olvan,Shotboulte,oshotboulteq5@bloglovin.com,Male,59.216.242.235
943,Gates,Milburne,gmilburneq6@bloomberg.com,Female,56.93.57.92
944,Taite,Gerling,tgerlingq7@ucoz.ru,Male,188.22.106.4
945,Dionisio,Lambdon,dlambdonq8@tripadvisor.com,Male,193.64.198.202
946,Clevey,Delnevo,cdelnevoq9@instagram.com,Genderqueer,207.238.100.240
947,Bryna,Hovy,bhovyqa@cnn.com,Female,62.7.216.26
948,Kellen,Flindall,kflindallqb@webs.com,Female,194.220.153.67
949,Karly,Revey,kreveyqc@squarespace.com,Female,63.56.86.46
950,Kyrstin,Yurtsev,kyurtsevqd@slideshare.net,Female,167.176.199.21
951,Teddi,Cockayme,tcockaymeqe@foxnews.com,Female,53.157.213.212
952,Doloritas,Gunston,dgunstonqf@phpbb.com,Female,236.51.186.37
953,Yovonnda,Lowder,ylowderqg@weebly.com,Female,89.241.207.117
954,Patrizia,Cottey,pcotteyqh@theguardian.com,Female,53.173.232.249
955,Port,Belz,pbelzqi@webmd.com,Male,180.37.41.49
956,Donella,Guierre,dguierreqj@google.nl,Female,109.241.46.100
957,Selle,Rowlands,srowlandsqk@upenn.edu,Female,38.221.163.192
958,Drew,Cavalier,dcavalierql@google.cn,Male,178.0.100.83
959,Bernette,Huxter,bhuxterqm@senate.gov,Female,221.208.246.3
960,Helaina,Bullingham,hbullinghamqn@weebly.com,Female,149.93.149.230
961,Kania,Breacher,kbreacherqo@soup.io,Female,219.67.68.69
962,Cammy,Vannoort,cvannoortqp@webmd.com,Female,64.104.83.222
963,Lenore,Bust,lbustqq@gov.uk,Female,99.170.118.134
964,Mirna,Durning,mdurningqr@aboutads.info,Female,250.156.84.1
965,Avery,Rabson,arabsonqs@dmoz.org,Male,75.72.196.44
966,Orly,Boutwell,oboutwellqt@dropbox.com,Non-binary,122.146.144.104
967,Filide,McGrayle,fmcgraylequ@uiuc.edu,Female,129.40.26.234
968,Martguerita,Yarker,myarkerqv@ameblo.jp,Female,145.130.94.40
969,Mick,Dimanche,mdimancheqw@senate.gov,Male,215.106.133.12
970,Freddy,Leisk,fleiskqx@yahoo.com,Male,92.168.176.75
971,Faye,Staite,fstaiteqy@hp.com,Female,73.60.208.53
972,Evered,MacLice,emacliceqz@moonfruit.com,Male,4.50.173.95
973,Eadmund,Scurrey,escurreyr0@w3.org,Male,194.174.58.199
974,Veriee,Dumbreck,vdumbreckr1@ning.com,Agender,130.25.187.70
975,Cheston,Peart,cpeartr2@netlog.com,Male,141.206.12.220
976,Hanny,Brydone,hbrydoner3@yellowbook.com,Female,166.41.97.60
977,Burnaby,Welch,bwelchr4@gnu.org,Male,130.204.93.57
978,Mikkel,Reiglar,mreiglarr5@ask.com,Male,154.47.12.48
979,Ellsworth,Lucks,elucksr6@posterous.com,Male,16.199.219.138
980,Adelice,Allerton,aallertonr7@nationalgeographic.com,Female,184.20.169.173
981,Iggy,Metham,imethamr8@ucoz.ru,Male,67.18.220.212
982,Isac,Olivari,iolivarir9@hatena.ne.jp,Male,174.121.119.9
983,Crissy,Margarson,cmargarsonra@macromedia.com,Female,109.222.124.99
984,Alon,Wolfarth,awolfarthrb@cbsnews.com,Genderfluid,74.100.76.144
985,Wildon,Layson,wlaysonrc@nasa.gov,Male,152.90.15.149
986,Robinette,Basill,rbasillrd@behance.net,Genderqueer,100.123.50.250
987,Letizia,Lindelof,llindelofre@spiegel.de,Female,211.6.157.190
988,Cathi,Stroband,cstrobandrf@usgs.gov,Female,206.146.123.69
989,Hali,Scahill,hscahillrg@sbwire.com,Female,164.203.170.234
990,Priscilla,Hess,phessrh@buzzfeed.com,Genderfluid,102.140.131.253
991,Emelita,Ledington,eledingtonri@geocities.com,Female,60.164.151.246
992,Russell,O'Hallagan,rohallaganrj@washingtonpost.com,Male,90.121.165.107
993,Orelee,Tremblet,otrembletrk@usda.gov,Female,115.80.99.172
994,Hester,Barnhart,hbarnhartrl@gnu.org,Female,162.5.116.20
995,Alleen,Utton,auttonrm@edublogs.org,Female,13.108.214.9
996,Chick,Hazeldene,chazeldenern@blogs.com,Male,11.184.98.218
997,Gay,Sutherden,gsutherdenro@digg.com,Female,244.248.212.157
998,Lamar,Leathe,lleatherp@soup.io,Male,132.232.104.185
999,Desirae,Itzhaiek,ditzhaiekrq@domainmarket.com,Female,113.5.21.190
1000,Rikki,Bullene,rbullenerr@elegantthemes.com,Bigender,92.138.235.253
